54	1	23.220.251.149	172.17.0.99	4d6963726f736f667420436f6e6e6563742054657374
74	2	23.220.251.158	172.17.0.99	4d6963726f736f667420436f6e6e6563742054657374
1670	48	79.124.78.197	172.17.0.99	<MISSING>
1695	48	79.124.78.197	172.17.0.99	<MISSING>
1700	48	79.124.78.197	172.17.0.99	<MISSING>
2232	51	79.124.78.197	172.17.0.99	48636b44634b30637a586a617134386a56484e6e7c71494f754b6b37557c687474703a2f2f37392e3132342e37382e3139372f696e6465782e7068707c
2236	51	172.17.0.99	79.124.78.197	b563a25cd307409890fa4e297ff3c5bf184e266b379b726bc034ce57dafb76594bbbd2068058fcb062d8461a8775d7ffe7633727769056601d065903d1a304041c906e3b54edccfc560c0b27c33694bb2684b02175914c79dbc6a0c351df3ed15134d3f4036cfcb062
2238	51	79.124.78.197	172.17.0.99	44
2349	56	79.124.78.197	172.17.0.99	<MISSING>
2987	63	79.124.78.197	172.17.0.99	<MISSING>
3079	68	79.124.78.197	172.17.0.99	<MISSING>
3131	71	79.124.78.197	172.17.0.99	<MISSING>
3183	73	79.124.78.197	172.17.0.99	<MISSING>
3193	73	79.124.78.197	172.17.0.99	<MISSING>
3234	73	79.124.78.197	172.17.0.99	<MISSING>
3253	75	79.124.78.197	172.17.0.99	<MISSING>
3387	83	79.124.78.197	172.17.0.99	<MISSING>
3433	83	79.124.78.197	172.17.0.99	<MISSING>
3442	85	23.220.251.47	172.17.0.99	2a2a2a2a
3466	86	79.124.78.197	172.17.0.99	<MISSING>
3533	89	79.124.78.197	172.17.0.99	<MISSING>
3774	99	79.124.78.197	172.17.0.99	<MISSING>
3801	100	79.124.78.197	172.17.0.99	<MISSING>
3875	103	79.124.78.197	172.17.0.99	<MISSING>
3911	104	79.124.78.197	172.17.0.99	<MISSING>
3964	106	79.124.78.197	172.17.0.99	<MISSING>
3986	107	79.124.78.197	172.17.0.99	<MISSING>
4014	108	79.124.78.197	172.17.0.99	<MISSING>
4067	110	79.124.78.197	172.17.0.99	<MISSING>
4137	113	79.124.78.197	172.17.0.99	<MISSING>
4216	116	79.124.78.197	172.17.0.99	<MISSING>
4250	117	79.124.78.197	172.17.0.99	<MISSING>
4336	121	79.124.78.197	172.17.0.99	<MISSING>
4405	123	79.124.78.197	172.17.0.99	<MISSING>
4443	124	79.124.78.197	172.17.0.99	<MISSING>
4479	125	79.124.78.197	172.17.0.99	<MISSING>
4501	126	79.124.78.197	172.17.0.99	<MISSING>
4547	128	79.124.78.197	172.17.0.99	<MISSING>
4655	133	79.124.78.197	172.17.0.99	<MISSING>
4673	134	79.124.78.197	172.17.0.99	<MISSING>
4693	135	79.124.78.197	172.17.0.99	<MISSING>
4788	139	79.124.78.197	172.17.0.99	<MISSING>
4813	140	79.124.78.197	172.17.0.99	<MISSING>
4836	141	79.124.78.197	172.17.0.99	<MISSING>
4856	142	79.124.78.197	172.17.0.99	<MISSING>
4878	143	79.124.78.197	172.17.0.99	<MISSING>
4906	144	79.124.78.197	172.17.0.99	<MISSING>
4923	145	79.124.78.197	172.17.0.99	<MISSING>
4945	146	79.124.78.197	172.17.0.99	<MISSING>
4961	147	79.124.78.197	172.17.0.99	<MISSING>
4976	148	79.124.78.197	172.17.0.99	<MISSING>
4989	149	79.124.78.197	172.17.0.99	<MISSING>
5034	151	79.124.78.197	172.17.0.99	<MISSING>
5082	154	79.124.78.197	172.17.0.99	<MISSING>
