timestamp,src_ip,dst_ip,query
2024-11-26 11:49:38.458138,10.11.26.183,10.11.26.3,www.msftconnecttest.com
2024-11-26 11:49:38.487199,10.11.26.3,10.11.26.183,www.msftconnecttest.com
2024-11-26 11:49:38.918598,10.11.26.183,10.11.26.3,_ldap._tcp.Default-First-Site-Name._sites.nemotoads.health
2024-11-26 11:49:38.918662,10.11.26.183,10.11.26.3,_ldap._tcp.Default-First-Site-Name._sites.nemotoads.health
2024-11-26 11:49:38.918790,10.11.26.183,10.11.26.3,wpad.nemotoads.health
2024-11-26 11:49:38.918835,10.11.26.183,10.11.26.3,wpad.nemotoads.health
2024-11-26 11:49:38.919063,10.11.26.3,10.11.26.183,_ldap._tcp.Default-First-Site-Name._sites.nemotoads.health
2024-11-26 11:49:38.919107,10.11.26.3,10.11.26.183,_ldap._tcp.Default-First-Site-Name._sites.nemotoads.health
2024-11-26 11:49:38.919159,10.11.26.3,10.11.26.183,wpad.nemotoads.health
2024-11-26 11:49:38.919159,10.11.26.3,10.11.26.183,wpad.nemotoads.health
2024-11-26 11:49:38.919273,10.11.26.183,10.11.26.3,wpad.mshome.net
2024-11-26 11:49:38.919350,10.11.26.183,10.11.26.3,wpad.mshome.net
2024-11-26 11:49:38.919448,10.11.26.3,10.11.26.183,wpad.mshome.net
2024-11-26 11:49:38.919535,10.11.26.3,10.11.26.183,wpad.mshome.net
2024-11-26 11:49:40.633212,10.11.26.183,10.11.26.3,_ldap._tcp.Default-First-Site-Name._sites.dc._msdcs.mshome.net
2024-11-26 11:49:40.654972,10.11.26.3,10.11.26.183,_ldap._tcp.Default-First-Site-Name._sites.dc._msdcs.mshome.net
2024-11-26 11:49:40.680041,10.11.26.183,10.11.26.3,_ldap._tcp.dc._msdcs.mshome.net
2024-11-26 11:49:40.699884,10.11.26.3,10.11.26.183,_ldap._tcp.dc._msdcs.mshome.net
2024-11-26 11:49:41.134947,10.11.26.183,10.11.26.3,licensing.mp.microsoft.com
2024-11-26 11:49:41.194894,10.11.26.3,10.11.26.183,licensing.mp.microsoft.com
2024-11-26 11:49:41.401527,10.11.26.183,10.11.26.3,_ldap._tcp.Default-First-Site-Name._sites.dc._msdcs.mshome.net
2024-11-26 11:49:41.401879,10.11.26.3,10.11.26.183,_ldap._tcp.Default-First-Site-Name._sites.dc._msdcs.mshome.net
2024-11-26 11:49:41.705829,10.11.26.183,10.11.26.3,_ldap._tcp.Default-First-Site-Name._sites.dc._msdcs.mshome.net
2024-11-26 11:49:41.706179,10.11.26.3,10.11.26.183,_ldap._tcp.Default-First-Site-Name._sites.dc._msdcs.mshome.net
2024-11-26 11:49:41.706538,10.11.26.183,10.11.26.3,_ldap._tcp.dc._msdcs.mshome.net
2024-11-26 11:49:41.706702,10.11.26.3,10.11.26.183,_ldap._tcp.dc._msdcs.mshome.net
2024-11-26 11:49:42.134433,10.11.26.183,10.11.26.3,client.wns.windows.com
2024-11-26 11:49:42.155551,10.11.26.3,10.11.26.183,client.wns.windows.com
2024-11-26 11:49:44.252200,10.11.26.183,10.11.26.3,wpad.nemotoads.health
2024-11-26 11:49:44.252200,10.11.26.183,10.11.26.3,wpad.nemotoads.health
2024-11-26 11:49:44.252589,10.11.26.3,10.11.26.183,wpad.nemotoads.health
2024-11-26 11:49:44.252645,10.11.26.3,10.11.26.183,wpad.nemotoads.health
2024-11-26 11:49:44.252838,10.11.26.183,10.11.26.3,wpad.mshome.net
2024-11-26 11:49:44.252881,10.11.26.183,10.11.26.3,wpad.mshome.net
2024-11-26 11:49:44.253026,10.11.26.3,10.11.26.183,wpad.mshome.net
2024-11-26 11:49:44.253067,10.11.26.3,10.11.26.183,wpad.mshome.net
2024-11-26 11:49:57.210181,10.11.26.183,10.11.26.3,windows.msn.com
2024-11-26 11:49:57.228818,10.11.26.3,10.11.26.183,windows.msn.com
2024-11-26 11:49:57.320330,10.11.26.183,10.11.26.3,officeclient.microsoft.com
2024-11-26 11:49:57.320399,10.11.26.183,10.11.26.3,www.bing.com
2024-11-26 11:49:57.339044,10.11.26.3,10.11.26.183,www.bing.com
2024-11-26 11:49:57.374256,10.11.26.3,10.11.26.183,officeclient.microsoft.com
2024-11-26 11:49:57.587503,10.11.26.183,10.11.26.3,www.msn.com
2024-11-26 11:49:57.598735,10.11.26.3,10.11.26.183,www.msn.com
2024-11-26 11:49:57.846695,10.11.26.183,10.11.26.3,odc.officeapps.live.com
2024-11-26 11:49:57.879751,10.11.26.3,10.11.26.183,odc.officeapps.live.com
2024-11-26 11:49:58.238793,10.11.26.183,10.11.26.3,assets.msn.com
2024-11-26 11:49:58.267834,10.11.26.3,10.11.26.183,assets.msn.com
2024-11-26 11:49:59.778439,10.11.26.183,10.11.26.3,wpad.nemotoads.health
2024-11-26 11:49:59.778525,10.11.26.183,10.11.26.3,wpad.nemotoads.health
2024-11-26 11:49:59.778838,10.11.26.3,10.11.26.183,wpad.nemotoads.health
2024-11-26 11:49:59.778882,10.11.26.3,10.11.26.183,wpad.nemotoads.health
2024-11-26 11:49:59.779113,10.11.26.183,10.11.26.3,wpad.mshome.net
2024-11-26 11:49:59.779148,10.11.26.183,10.11.26.3,wpad.mshome.net
2024-11-26 11:49:59.779310,10.11.26.3,10.11.26.183,wpad.mshome.net
2024-11-26 11:49:59.779345,10.11.26.3,10.11.26.183,wpad.mshome.net
2024-11-26 11:50:00.178840,10.11.26.183,10.11.26.3,nav.smartscreen.microsoft.com
2024-11-26 11:50:00.218910,10.11.26.3,10.11.26.183,nav.smartscreen.microsoft.com
2024-11-26 11:50:00.650450,10.11.26.183,10.11.26.3,data-edge.smartscreen.microsoft.com
2024-11-26 11:50:00.688712,10.11.26.3,10.11.26.183,data-edge.smartscreen.microsoft.com
2024-11-26 11:50:00.995682,10.11.26.183,10.11.26.3,default.exp-tas.com
2024-11-26 11:50:01.007532,10.11.26.3,10.11.26.183,default.exp-tas.com
2024-11-26 11:50:01.011261,10.11.26.183,10.11.26.3,login.live.com
2024-11-26 11:50:01.038842,10.11.26.3,10.11.26.183,login.live.com
2024-11-26 11:50:06.742134,10.11.26.183,10.11.26.3,inputsuggestions.msdxcdn.microsoft.com
2024-11-26 11:50:06.771681,10.11.26.183,10.11.26.3,inputsuggestions.msdxcdn.microsoft.com
2024-11-26 11:50:06.794448,10.11.26.3,10.11.26.183,inputsuggestions.msdxcdn.microsoft.com
2024-11-26 11:50:10.941790,10.11.26.183,10.11.26.3,wpad.nemotoads.health
2024-11-26 11:50:10.942148,10.11.26.3,10.11.26.183,wpad.nemotoads.health
2024-11-26 11:50:10.942299,10.11.26.183,10.11.26.3,wpad.mshome.net
2024-11-26 11:50:10.942457,10.11.26.3,10.11.26.183,wpad.mshome.net
2024-11-26 11:50:11.288227,10.11.26.183,10.11.26.3,classicgrand.com
2024-11-26 11:50:11.288325,10.11.26.183,10.11.26.3,classicgrand.com
2024-11-26 11:50:11.288517,10.11.26.183,10.11.26.3,edge.microsoft.com
2024-11-26 11:50:11.288580,10.11.26.183,10.11.26.3,edge.microsoft.com
2024-11-26 11:50:11.291652,10.11.26.183,10.11.26.3,classicgrand.com
2024-11-26 11:50:11.291741,10.11.26.183,10.11.26.3,classicgrand.com
2024-11-26 11:50:11.333612,10.11.26.3,10.11.26.183,classicgrand.com
2024-11-26 11:50:11.333665,10.11.26.3,10.11.26.183,edge.microsoft.com
2024-11-26 11:50:11.333665,10.11.26.3,10.11.26.183,classicgrand.com
2024-11-26 11:50:11.333799,10.11.26.3,10.11.26.183,edge.microsoft.com
2024-11-26 11:50:11.444471,10.11.26.3,10.11.26.183,classicgrand.com
2024-11-26 11:50:11.444524,10.11.26.3,10.11.26.183,classicgrand.com
2024-11-26 11:50:14.145454,10.11.26.183,10.11.26.3,modandcrackedapk.com
2024-11-26 11:50:14.145534,10.11.26.183,10.11.26.3,modandcrackedapk.com
2024-11-26 11:50:14.150461,10.11.26.183,10.11.26.3,confirmsubscription.com
2024-11-26 11:50:14.150571,10.11.26.183,10.11.26.3,confirmsubscription.com
2024-11-26 11:50:14.234653,10.11.26.3,10.11.26.183,confirmsubscription.com
2024-11-26 11:50:14.236416,10.11.26.3,10.11.26.183,confirmsubscription.com
2024-11-26 11:50:14.315055,10.11.26.3,10.11.26.183,modandcrackedapk.com
2024-11-26 11:50:14.319904,10.11.26.3,10.11.26.183,modandcrackedapk.com
2024-11-26 11:50:14.714156,10.11.26.183,10.11.26.3,fonts.googleapis.com
2024-11-26 11:50:14.714254,10.11.26.183,10.11.26.3,fonts.googleapis.com
2024-11-26 11:50:14.747884,10.11.26.183,10.11.26.3,fonts.gstatic.com
2024-11-26 11:50:14.747965,10.11.26.183,10.11.26.3,fonts.gstatic.com
2024-11-26 11:50:14.748250,10.11.26.3,10.11.26.183,fonts.gstatic.com
2024-11-26 11:50:14.763708,10.11.26.3,10.11.26.183,fonts.googleapis.com
2024-11-26 11:50:14.766334,10.11.26.3,10.11.26.183,fonts.googleapis.com
2024-11-26 11:50:14.804739,10.11.26.3,10.11.26.183,fonts.gstatic.com
2024-11-26 11:50:14.805541,10.11.26.183,10.11.26.3,www.google.com
2024-11-26 11:50:14.805661,10.11.26.183,10.11.26.3,www.google.com
2024-11-26 11:50:14.806012,10.11.26.3,10.11.26.183,www.google.com
2024-11-26 11:50:14.853623,10.11.26.3,10.11.26.183,www.google.com
2024-11-26 11:50:15.297504,10.11.26.183,10.11.26.3,maps.gstatic.com
2024-11-26 11:50:15.297574,10.11.26.183,10.11.26.3,maps.gstatic.com
2024-11-26 11:50:15.298818,10.11.26.183,10.11.26.3,maps.googleapis.com
2024-11-26 11:50:15.298882,10.11.26.183,10.11.26.3,maps.googleapis.com
2024-11-26 11:50:15.339531,10.11.26.3,10.11.26.183,maps.gstatic.com
2024-11-26 11:50:15.339589,10.11.26.3,10.11.26.183,maps.googleapis.com
2024-11-26 11:50:15.341209,10.11.26.3,10.11.26.183,maps.gstatic.com
2024-11-26 11:50:15.346197,10.11.26.3,10.11.26.183,maps.googleapis.com
2024-11-26 11:50:15.731544,10.11.26.183,10.11.26.3,modandcrackedapk.com
2024-11-26 11:50:15.731619,10.11.26.183,10.11.26.3,modandcrackedapk.com
2024-11-26 11:50:15.731901,10.11.26.3,10.11.26.183,modandcrackedapk.com
2024-11-26 11:50:15.731944,10.11.26.3,10.11.26.183,modandcrackedapk.com
2024-11-26 11:50:15.737596,10.11.26.183,10.11.26.3,edge.microsoft.com
2024-11-26 11:50:15.737637,10.11.26.183,10.11.26.3,edge.microsoft.com
2024-11-26 11:50:15.738378,10.11.26.3,10.11.26.183,edge.microsoft.com
2024-11-26 11:50:15.759516,10.11.26.183,10.11.26.3,confirmsubscription.com
2024-11-26 11:50:15.759609,10.11.26.183,10.11.26.3,confirmsubscription.com
2024-11-26 11:50:15.759828,10.11.26.3,10.11.26.183,confirmsubscription.com
2024-11-26 11:50:15.759949,10.11.26.3,10.11.26.183,confirmsubscription.com
2024-11-26 11:50:15.779927,10.11.26.3,10.11.26.183,edge.microsoft.com
2024-11-26 11:50:16.137502,10.11.26.183,10.11.26.3,css.createsend1.com
2024-11-26 11:50:16.137576,10.11.26.183,10.11.26.3,css.createsend1.com
2024-11-26 11:50:16.137890,10.11.26.183,10.11.26.3,js.createsend1.com
2024-11-26 11:50:16.137958,10.11.26.183,10.11.26.3,js.createsend1.com
2024-11-26 11:50:16.223537,10.11.26.3,10.11.26.183,js.createsend1.com
2024-11-26 11:50:16.223537,10.11.26.3,10.11.26.183,css.createsend1.com
2024-11-26 11:50:16.223586,10.11.26.3,10.11.26.183,js.createsend1.com
2024-11-26 11:50:16.233588,10.11.26.3,10.11.26.183,css.createsend1.com
2024-11-26 11:50:16.459272,10.11.26.183,10.11.26.3,edge.microsoft.com
2024-11-26 11:50:16.459352,10.11.26.183,10.11.26.3,edge.microsoft.com
2024-11-26 11:50:16.459658,10.11.26.3,10.11.26.183,edge.microsoft.com
2024-11-26 11:50:16.459754,10.11.26.3,10.11.26.183,edge.microsoft.com
2024-11-26 11:50:16.461213,10.11.26.183,10.11.26.3,fonts.googleapis.com
2024-11-26 11:50:16.461279,10.11.26.183,10.11.26.3,fonts.googleapis.com
2024-11-26 11:50:16.461508,10.11.26.3,10.11.26.183,fonts.googleapis.com
2024-11-26 11:50:16.461644,10.11.26.3,10.11.26.183,fonts.googleapis.com
2024-11-26 11:50:16.467169,10.11.26.183,10.11.26.3,www.gstatic.com
2024-11-26 11:50:16.467247,10.11.26.183,10.11.26.3,www.gstatic.com
2024-11-26 11:50:16.467534,10.11.26.3,10.11.26.183,www.gstatic.com
2024-11-26 11:50:16.527922,10.11.26.3,10.11.26.183,www.gstatic.com
2024-11-26 11:50:16.649524,10.11.26.183,10.11.26.3,fonts.gstatic.com
2024-11-26 11:50:16.649593,10.11.26.183,10.11.26.3,fonts.gstatic.com
2024-11-26 11:50:16.649854,10.11.26.3,10.11.26.183,fonts.gstatic.com
2024-11-26 11:50:16.649948,10.11.26.3,10.11.26.183,fonts.gstatic.com
2024-11-26 11:50:16.731036,10.11.26.183,10.11.26.3,code.jquery.com
2024-11-26 11:50:16.731109,10.11.26.183,10.11.26.3,code.jquery.com
2024-11-26 11:50:16.780201,10.11.26.3,10.11.26.183,code.jquery.com
2024-11-26 11:50:16.783489,10.11.26.3,10.11.26.183,code.jquery.com
2024-11-26 11:50:18.944669,10.11.26.183,10.11.26.3,wpad.nemotoads.health
2024-11-26 11:50:18.944965,10.11.26.3,10.11.26.183,wpad.nemotoads.health
2024-11-26 11:50:18.945228,10.11.26.183,10.11.26.3,wpad.mshome.net
2024-11-26 11:50:18.945400,10.11.26.3,10.11.26.183,wpad.mshome.net
2024-11-26 11:50:22.974195,10.11.26.183,10.11.26.3,www.bing.com
2024-11-26 11:50:22.974289,10.11.26.183,10.11.26.3,www.bing.com
2024-11-26 11:50:22.974687,10.11.26.3,10.11.26.183,www.bing.com
2024-11-26 11:50:23.053128,10.11.26.3,10.11.26.183,www.bing.com
2024-11-26 11:50:23.131197,10.11.26.183,10.11.26.3,edge.microsoft.com
2024-11-26 11:50:23.131278,10.11.26.183,10.11.26.3,edge.microsoft.com
2024-11-26 11:50:23.131584,10.11.26.3,10.11.26.183,edge.microsoft.com
2024-11-26 11:50:23.131700,10.11.26.3,10.11.26.183,edge.microsoft.com
2024-11-26 11:50:38.014376,10.11.26.183,10.11.26.3,checkappexec.microsoft.com
2024-11-26 11:50:38.033346,10.11.26.3,10.11.26.183,checkappexec.microsoft.com
2024-11-26 11:50:40.541323,10.11.26.183,10.11.26.3,modandcrackedapk.com
2024-11-26 11:50:40.541627,10.11.26.3,10.11.26.183,modandcrackedapk.com
2024-11-26 11:50:40.759860,10.11.26.183,10.11.26.3,r10.o.lencr.org
2024-11-26 11:50:40.793456,10.11.26.3,10.11.26.183,r10.o.lencr.org
2024-11-26 11:50:45.646175,10.11.26.183,10.11.26.3,geo.netsupportsoftware.com
2024-11-26 11:50:45.678408,10.11.26.3,10.11.26.183,geo.netsupportsoftware.com
2024-11-26 11:50:48.371153,10.11.26.183,10.11.26.3,v10.events.data.microsoft.com
2024-11-26 11:50:48.381164,10.11.26.3,10.11.26.183,v10.events.data.microsoft.com
2024-11-26 11:50:56.408572,10.11.26.183,10.11.26.3,_ldap._tcp.Default-First-Site-Name._sites.dc._msdcs.nemotoads.health
2024-11-26 11:50:56.408916,10.11.26.3,10.11.26.183,_ldap._tcp.Default-First-Site-Name._sites.dc._msdcs.nemotoads.health
2024-11-26 11:50:59.781734,10.11.26.183,10.11.26.3,wpad.nemotoads.health
2024-11-26 11:50:59.781734,10.11.26.183,10.11.26.3,wpad.nemotoads.health
2024-11-26 11:50:59.782088,10.11.26.3,10.11.26.183,wpad.nemotoads.health
2024-11-26 11:50:59.782134,10.11.26.3,10.11.26.183,wpad.nemotoads.health
2024-11-26 11:50:59.782325,10.11.26.183,10.11.26.3,wpad.mshome.net
2024-11-26 11:50:59.782369,10.11.26.183,10.11.26.3,wpad.mshome.net
2024-11-26 11:50:59.836575,10.11.26.3,10.11.26.183,wpad.mshome.net
2024-11-26 11:50:59.836636,10.11.26.3,10.11.26.183,wpad.mshome.net
2024-11-26 11:51:02.909942,10.11.26.183,10.11.26.3,ecs.office.com
2024-11-26 11:51:02.927869,10.11.26.3,10.11.26.183,ecs.office.com
2024-11-26 11:51:57.645174,10.11.26.183,10.11.26.3,wpad.nemotoads.health
2024-11-26 11:51:57.645557,10.11.26.3,10.11.26.183,wpad.nemotoads.health
2024-11-26 11:51:57.645705,10.11.26.183,10.11.26.3,wpad.mshome.net
2024-11-26 11:51:57.645876,10.11.26.3,10.11.26.183,wpad.mshome.net
2024-11-26 11:51:57.771245,10.11.26.183,10.11.26.3,windows.msn.com
2024-11-26 11:51:57.771348,10.11.26.183,10.11.26.3,windows.msn.com
2024-11-26 11:51:57.771656,10.11.26.3,10.11.26.183,windows.msn.com
2024-11-26 11:51:57.811936,10.11.26.3,10.11.26.183,windows.msn.com
2024-11-26 11:51:58.245175,10.11.26.183,10.11.26.3,www.msn.com
2024-11-26 11:51:58.245257,10.11.26.183,10.11.26.3,www.msn.com
2024-11-26 11:51:58.245558,10.11.26.3,10.11.26.183,www.msn.com
2024-11-26 11:51:58.245677,10.11.26.3,10.11.26.183,www.msn.com
2024-11-26 11:51:58.573908,10.11.26.183,10.11.26.3,th.bing.com
2024-11-26 11:51:58.574019,10.11.26.183,10.11.26.3,th.bing.com
2024-11-26 11:51:58.574687,10.11.26.183,10.11.26.3,www.bing.com
2024-11-26 11:51:58.574755,10.11.26.183,10.11.26.3,www.bing.com
2024-11-26 11:51:58.576293,10.11.26.183,10.11.26.3,img-s-msn-com.akamaized.net
2024-11-26 11:51:58.576331,10.11.26.183,10.11.26.3,img-s-msn-com.akamaized.net
2024-11-26 11:51:58.620959,10.11.26.3,10.11.26.183,img-s-msn-com.akamaized.net
2024-11-26 11:51:58.630938,10.11.26.3,10.11.26.183,img-s-msn-com.akamaized.net
2024-11-26 11:51:58.631155,10.11.26.3,10.11.26.183,www.bing.com
2024-11-26 11:51:58.632512,10.11.26.3,10.11.26.183,th.bing.com
2024-11-26 11:51:58.632694,10.11.26.3,10.11.26.183,www.bing.com
2024-11-26 11:51:58.642054,10.11.26.3,10.11.26.183,th.bing.com
2024-11-26 11:51:58.678308,10.11.26.183,10.11.26.3,api.msn.com
2024-11-26 11:51:58.678375,10.11.26.183,10.11.26.3,api.msn.com
2024-11-26 11:51:58.678622,10.11.26.183,10.11.26.3,assets.msn.com
2024-11-26 11:51:58.678664,10.11.26.183,10.11.26.3,assets.msn.com
2024-11-26 11:51:58.731588,10.11.26.3,10.11.26.183,api.msn.com
2024-11-26 11:51:58.732010,10.11.26.3,10.11.26.183,assets.msn.com
2024-11-26 11:51:58.732622,10.11.26.3,10.11.26.183,assets.msn.com
2024-11-26 11:51:58.732640,10.11.26.3,10.11.26.183,api.msn.com
2024-11-26 11:51:58.967648,10.11.26.183,10.11.26.3,srtb.msn.com
2024-11-26 11:51:58.967691,10.11.26.183,10.11.26.3,srtb.msn.com
2024-11-26 11:51:58.968097,10.11.26.3,10.11.26.183,srtb.msn.com
2024-11-26 11:51:58.968116,10.11.26.3,10.11.26.183,srtb.msn.com
2024-11-26 11:52:05.656491,10.11.26.183,10.11.26.3,wpad.nemotoads.health
2024-11-26 11:52:05.656822,10.11.26.3,10.11.26.183,wpad.nemotoads.health
2024-11-26 11:52:05.657174,10.11.26.183,10.11.26.3,wpad.mshome.net
2024-11-26 11:52:05.657338,10.11.26.3,10.11.26.183,wpad.mshome.net
2024-11-26 11:53:47.734566,10.11.26.183,10.11.26.3,_ldap._tcp.Default-First-Site-Name._sites.NEMOTODES-DC.nemotoads.health
2024-11-26 11:53:47.734921,10.11.26.3,10.11.26.183,_ldap._tcp.Default-First-Site-Name._sites.NEMOTODES-DC.nemotoads.health
2024-11-26 11:53:47.735101,10.11.26.183,10.11.26.3,_ldap._tcp.NEMOTODES-DC.nemotoads.health
2024-11-26 11:53:47.735270,10.11.26.3,10.11.26.183,_ldap._tcp.NEMOTODES-DC.nemotoads.health
2024-11-26 11:53:48.312934,10.11.26.183,10.11.26.3,fd.api.iris.microsoft.com
2024-11-26 11:53:48.368686,10.11.26.3,10.11.26.183,fd.api.iris.microsoft.com
2024-11-26 11:54:57.029090,10.11.26.183,10.11.26.3,_ldap._tcp.Default-First-Site-Name._sites.NEMOTODES-DC.nemotoads.health
2024-11-26 11:54:57.029589,10.11.26.3,10.11.26.183,_ldap._tcp.Default-First-Site-Name._sites.NEMOTODES-DC.nemotoads.health
2024-11-26 11:54:57.029962,10.11.26.183,10.11.26.3,_ldap._tcp.NEMOTODES-DC.nemotoads.health
2024-11-26 11:54:57.030137,10.11.26.3,10.11.26.183,_ldap._tcp.NEMOTODES-DC.nemotoads.health
2024-11-26 11:59:18.403809,10.11.26.183,10.11.26.3,dns.msftncsi.com
2024-11-26 11:59:18.422564,10.11.26.3,10.11.26.183,dns.msftncsi.com
2024-11-26 11:59:22.341944,10.11.26.183,10.11.26.3,v10.events.data.microsoft.com
2024-11-26 11:59:22.367264,10.11.26.3,10.11.26.183,v10.events.data.microsoft.com
2024-11-26 12:00:37.655349,10.11.26.183,10.11.26.3,displaycatalog.mp.microsoft.com
2024-11-26 12:00:37.686162,10.11.26.3,10.11.26.183,displaycatalog.mp.microsoft.com
2024-11-26 12:00:37.702147,10.11.26.183,10.11.26.3,storecatalogrevocation.storequality.microsoft.com
2024-11-26 12:00:37.705023,10.11.26.3,10.11.26.183,storecatalogrevocation.storequality.microsoft.com
2024-11-26 12:00:42.931032,10.11.26.183,10.11.26.3,fe3cr.delivery.mp.microsoft.com
2024-11-26 12:00:42.954335,10.11.26.3,10.11.26.183,fe3cr.delivery.mp.microsoft.com
2024-11-26 12:00:49.477051,10.11.26.183,10.11.26.3,v10.events.data.microsoft.com
2024-11-26 12:00:49.499839,10.11.26.3,10.11.26.183,v10.events.data.microsoft.com
2024-11-26 12:00:59.823089,10.11.26.183,10.11.26.3,wpad.nemotoads.health
2024-11-26 12:00:59.823118,10.11.26.183,10.11.26.3,wpad.nemotoads.health
2024-11-26 12:00:59.823544,10.11.26.3,10.11.26.183,wpad.nemotoads.health
2024-11-26 12:00:59.823606,10.11.26.3,10.11.26.183,wpad.nemotoads.health
2024-11-26 12:00:59.823854,10.11.26.183,10.11.26.3,wpad.mshome.net
2024-11-26 12:00:59.823873,10.11.26.183,10.11.26.3,wpad.mshome.net
2024-11-26 12:00:59.884101,10.11.26.3,10.11.26.183,wpad.mshome.net
2024-11-26 12:00:59.884131,10.11.26.3,10.11.26.183,wpad.mshome.net
2024-11-26 12:01:56.691521,10.11.26.183,10.11.26.3,acroipm2.adobe.com
2024-11-26 12:01:56.698604,10.11.26.3,10.11.26.183,acroipm2.adobe.com
2024-11-26 12:01:56.907959,10.11.26.183,10.11.26.3,armmf.adobe.com
2024-11-26 12:01:56.912599,10.11.26.3,10.11.26.183,armmf.adobe.com
2024-11-26 12:01:57.771757,10.11.26.183,10.11.26.3,wpad.nemotoads.health
2024-11-26 12:01:57.772120,10.11.26.3,10.11.26.183,wpad.nemotoads.health
2024-11-26 12:01:57.772258,10.11.26.183,10.11.26.3,wpad.mshome.net
2024-11-26 12:01:57.772416,10.11.26.3,10.11.26.183,wpad.mshome.net
2024-11-26 12:02:05.778660,10.11.26.183,10.11.26.3,wpad.nemotoads.health
2024-11-26 12:02:05.778936,10.11.26.3,10.11.26.183,wpad.nemotoads.health
2024-11-26 12:02:05.779510,10.11.26.183,10.11.26.3,wpad.mshome.net
2024-11-26 12:02:05.779840,10.11.26.3,10.11.26.183,wpad.mshome.net
2024-11-26 12:02:08.392326,10.11.26.183,10.11.26.3,v10.events.data.microsoft.com
2024-11-26 12:02:08.412034,10.11.26.3,10.11.26.183,v10.events.data.microsoft.com
2024-11-26 12:04:54.129895,10.11.26.183,10.11.26.3,mobile.events.data.microsoft.com
2024-11-26 12:04:54.149055,10.11.26.3,10.11.26.183,mobile.events.data.microsoft.com
2024-11-26 12:04:56.836510,10.11.26.183,10.11.26.3,ecs.office.com
2024-11-26 12:04:56.869223,10.11.26.3,10.11.26.183,ecs.office.com
2024-11-26 12:04:58.252993,10.11.26.183,10.11.26.3,mrodevicemgr.officeapps.live.com
2024-11-26 12:04:58.258597,10.11.26.3,10.11.26.183,mrodevicemgr.officeapps.live.com
2024-11-26 12:04:59.619497,10.11.26.183,10.11.26.3,fa000000002.resources.office.net
2024-11-26 12:04:59.619497,10.11.26.183,10.11.26.3,fa000000005.resources.office.net
2024-11-26 12:04:59.634228,10.11.26.3,10.11.26.183,fa000000005.resources.office.net
2024-11-26 12:04:59.634256,10.11.26.3,10.11.26.183,fa000000002.resources.office.net
2024-11-26 12:05:00.387511,10.11.26.183,10.11.26.3,fa000000116.resources.office.net
2024-11-26 12:05:00.418189,10.11.26.3,10.11.26.183,fa000000116.resources.office.net
2024-11-26 12:05:00.557158,10.11.26.183,10.11.26.3,fa000000128.resources.office.net
2024-11-26 12:05:00.574101,10.11.26.3,10.11.26.183,fa000000128.resources.office.net
2024-11-26 12:05:00.817685,10.11.26.183,10.11.26.3,fa000000163.resources.office.net
2024-11-26 12:05:00.835461,10.11.26.3,10.11.26.183,fa000000163.resources.office.net
2024-11-26 12:05:33.406949,10.11.26.183,10.11.26.3,dns.msftncsi.com
2024-11-26 12:05:33.438034,10.11.26.3,10.11.26.183,dns.msftncsi.com
2024-11-26 12:09:49.025745,10.11.26.183,10.11.26.3,mobile.events.data.microsoft.com
2024-11-26 12:09:49.027193,10.11.26.3,10.11.26.183,mobile.events.data.microsoft.com
2024-11-26 12:10:48.394016,10.11.26.183,10.11.26.3,dns.msftncsi.com
2024-11-26 12:10:48.410925,10.11.26.3,10.11.26.183,dns.msftncsi.com
2024-11-26 12:10:59.866812,10.11.26.183,10.11.26.3,wpad.nemotoads.health
2024-11-26 12:10:59.866911,10.11.26.183,10.11.26.3,wpad.nemotoads.health
2024-11-26 12:10:59.867198,10.11.26.3,10.11.26.183,wpad.nemotoads.health
2024-11-26 12:10:59.867272,10.11.26.3,10.11.26.183,wpad.nemotoads.health
2024-11-26 12:10:59.867661,10.11.26.183,10.11.26.3,wpad.mshome.net
2024-11-26 12:10:59.867710,10.11.26.183,10.11.26.3,wpad.mshome.net
2024-11-26 12:10:59.914522,10.11.26.3,10.11.26.183,wpad.mshome.net
2024-11-26 12:10:59.914603,10.11.26.3,10.11.26.183,wpad.mshome.net
2024-11-26 12:20:06.258526,10.11.26.183,10.11.26.3,v10.events.data.microsoft.com
2024-11-26 12:20:06.273953,10.11.26.3,10.11.26.183,v10.events.data.microsoft.com
2024-11-26 12:20:48.347107,10.11.26.183,10.11.26.3,dns.msftncsi.com
2024-11-26 12:20:48.372475,10.11.26.3,10.11.26.183,dns.msftncsi.com
2024-11-26 12:20:59.901594,10.11.26.183,10.11.26.3,wpad.nemotoads.health
2024-11-26 12:20:59.901594,10.11.26.183,10.11.26.3,wpad.nemotoads.health
2024-11-26 12:20:59.902062,10.11.26.3,10.11.26.183,wpad.nemotoads.health
2024-11-26 12:20:59.902091,10.11.26.3,10.11.26.183,wpad.nemotoads.health
2024-11-26 12:20:59.902413,10.11.26.183,10.11.26.3,wpad.mshome.net
2024-11-26 12:20:59.902433,10.11.26.183,10.11.26.3,wpad.mshome.net
2024-11-26 12:20:59.951992,10.11.26.3,10.11.26.183,wpad.mshome.net
2024-11-26 12:20:59.952027,10.11.26.3,10.11.26.183,wpad.mshome.net
2024-11-26 12:21:37.286225,10.11.26.183,10.11.26.3,ecs.office.com
2024-11-26 12:21:37.311858,10.11.26.3,10.11.26.183,ecs.office.com
2024-11-26 12:26:48.369148,10.11.26.183,10.11.26.3,dns.msftncsi.com
2024-11-26 12:26:48.377331,10.11.26.3,10.11.26.183,dns.msftncsi.com
2024-11-26 12:30:59.936351,10.11.26.183,10.11.26.3,wpad.nemotoads.health
2024-11-26 12:30:59.936351,10.11.26.183,10.11.26.3,wpad.nemotoads.health
2024-11-26 12:30:59.936808,10.11.26.3,10.11.26.183,wpad.nemotoads.health
2024-11-26 12:30:59.936885,10.11.26.3,10.11.26.183,wpad.nemotoads.health
2024-11-26 12:30:59.937154,10.11.26.183,10.11.26.3,wpad.mshome.net
2024-11-26 12:30:59.937198,10.11.26.183,10.11.26.3,wpad.mshome.net
2024-11-26 12:30:59.998703,10.11.26.3,10.11.26.183,wpad.mshome.net
2024-11-26 12:30:59.998779,10.11.26.3,10.11.26.183,wpad.mshome.net
2024-11-26 12:35:54.351479,10.11.26.183,10.11.26.3,ctldl.windowsupdate.com
2024-11-26 12:35:54.427394,10.11.26.3,10.11.26.183,ctldl.windowsupdate.com
2024-11-26 12:37:33.328109,10.11.26.183,10.11.26.3,dns.msftncsi.com
2024-11-26 12:37:33.343164,10.11.26.3,10.11.26.183,dns.msftncsi.com
2024-11-26 12:38:40.362771,10.11.26.183,10.11.26.3,dns.msftncsi.com
2024-11-26 12:38:40.744444,10.11.26.3,10.11.26.183,dns.msftncsi.com
2024-11-26 12:39:57.736612,10.11.26.183,10.11.26.3,NEMOTODES-DC.nemotoads.health
2024-11-26 12:39:57.736954,10.11.26.3,10.11.26.183,NEMOTODES-DC.nemotoads.health
2024-11-26 12:40:59.985769,10.11.26.183,10.11.26.3,wpad.nemotoads.health
2024-11-26 12:40:59.985869,10.11.26.183,10.11.26.3,wpad.nemotoads.health
2024-11-26 12:40:59.986175,10.11.26.3,10.11.26.183,wpad.nemotoads.health
2024-11-26 12:40:59.986270,10.11.26.3,10.11.26.183,wpad.nemotoads.health
2024-11-26 12:40:59.986528,10.11.26.183,10.11.26.3,wpad.mshome.net
2024-11-26 12:40:59.986548,10.11.26.183,10.11.26.3,wpad.mshome.net
2024-11-26 12:41:00.031331,10.11.26.3,10.11.26.183,wpad.mshome.net
2024-11-26 12:41:00.031369,10.11.26.3,10.11.26.183,wpad.mshome.net
2024-11-26 12:41:03.309490,10.11.26.183,10.11.26.3,dns.msftncsi.com
2024-11-26 12:41:03.325324,10.11.26.3,10.11.26.183,dns.msftncsi.com
2024-11-26 12:42:27.537533,10.11.26.183,10.11.26.3,client.wns.windows.com
2024-11-26 12:42:27.553388,10.11.26.3,10.11.26.183,client.wns.windows.com
